"Column Name","Label"
"GEO_ID","Geographic identifier code"
"NAME","Geographic Area Name"
"NAICS2017","2017 NAICS code"
"NAICS2017_LABEL","Meaning of NAICS Code"
"YEAR","Year"
"RCPTOT","Sales, value of shipments, or revenue ($1,000)"
"RCPTOT_S","Relative standard error for estimate of sales, value of shipments, or revenue (%)"
"PAYANN","Annual payroll ($1,000)"
"PAYANN_S","Relative standard error for estimate of annual payroll (%)"
"PAYQTR1","First-quarter payroll ($1,000)"
"PAYQTR1_S","Relative standard error for estimate of first-quarter payroll (%)"
"EMP","Number of employees"
"EMP_S","Relative standard error for estimate of number of employees (%)"
"EMPQ1PW","Production workers for pay period including March 12"
"EMPQ1PW_S","Relative standard error for estimate of production workers for pay period including March 12 (%)"
"HOURS","Production workers annual hours (1,000)"
"HOURS_S","Relative standard error for estimate of production workers annual hours (%)"
"PAYANPW","Production workers annual wages ($1,000)"
"PAYANPW_S","Relative standard error for estimate of production workers annual wages (%)"
"BENEFIT","Total fringe benefits ($1,000)"
"BENEFIT_S","Relative standard error for estimate of total fringe benefits (%)"
"BENHEA","Employer's cost for health insurance ($1,000)"
"BENHEA_S","Relative standard error for estimate of employer's cost for health insurance (%)"
"BENPEB","Employer's cost for defined benefit pension plans ($1,000)"
"BENPEB_S","Relative standard error for estimate of employer's cost for defined benefit pension plans (%)"
"BENPEC","Employer's cost for defined contribution plans ($1,000)"
"BENPEC_S","Relative standard error for estimate of employer's cost for defined contribution plans (%)"
"BENOTH","Employer's cost for other fringe benefits ($1,000)"
"BENOTH_S","Relative standard error for estimate of employer's cost for other fringe benefits (%)"
"CSTMTOT","Total cost of materials ($1,000)"
"CSTMTOT_S","Relative standard error for estimate of total cost of materials  (%)"
"CSTMPRT","Cost of materials, packaging, etc. used ($1,000)"
"CSTMPRT_S","Relative standard error for estimate of cost of materials, packaging, etc. used(%)"
"CSTRSL","Cost of resales ($1,000)"
"CSTRSL_S","Relative standard error for estimate of cost of resales (%)"
"CSTFU","Cost of purchased fuels consumed ($1,000)"
"CSTFU_S","Relative standard error for estimate of cost of purchased fuels consumed (%)"
"CSTELEC","Cost of purchased electricity ($1,000)"
"CSTELEC_S","Relative standard error for estimate of cost of purchased electricity (%)"
"CSTCNT","Cost of contract work ($1,000)"
"CSTCNT_S","Relative standard error for estimate of cost of contract work (%)"
"ELECPCH","Quantity of electricity purchased for heat and power (1,000 kWh)"
"ELECPCH_S","Relative standard error for estimate of quantity of electricity purchased for heat and power (%)"
"ELECGEN","Quantity of generated electricity (1,000 kWh)"
"ELECGEN_S","Relative standard error for estimate of quantity of generated electricity (%)"
"ELECSLD","Quantity of electricity sold or transferred (1,000 kWh)"
"ELECSLD_S","Relative standard error for estimate of quantity of electricity sold or transferred (%)"
"VALADD","Value added ($1,000)"
"VALADD_S","Relative standard error for estimate of value added (%)"
"INVTOTB","Total inventories, beginning of year ($1,000)"
"INVTOTB_S","Relative standard error for estimate of total inventories, beginning of year (%)"
"INVFINB","Finished goods inventories, beginning of year ($1,000)"
"INVFINB_S","Relative standard error for estimate of finished goods inventories, beginning of year (%)"
"INVWIPB","Work-in-process inventories, beginning of year ($1,000)"
"INVWIPB_S","Relative standard error for estimate of work-in-process inventories, beginning of year (%)"
"INVMATB","Materials and supplies inventories, beginning of year ($1,000)"
"INVMATB_S","Relative standard error for estimate of materials and supplies inventories, beginning of year (%)"
"INVTOTE","Total inventories, end of year ($1,000)"
"INVTOTE_S","Relative standard error for estimate of total inventories, end of year (%)"
"INVFINE","Finished goods inventories, end of year ($1,000)"
"INVFINE_S","Relative standard error for estimate of finished goods inventories, end of year (%)"
"INVWIPE","Work-in-process inventories, end of year ($1,000)"
"INVWIPE_S","Relative standard error for estimate of work-in-process inventories, end of year (%)"
"INVMATE","Materials and supplies inventories, end of year ($1,000)"
"INVMATE_S","Relative standard error for estimate of materials and supplies inventories, end of year  (%)"
"CEXTOT","Total capital expenditures (new and used) ($1,000)"
"CEXTOT_S","Relative standard error for estimate of total capital expenditures (new and used)  (%)"
"CEXBLD","Capital expenditures for buildings and other structures ($1,000)"
"CEXBLD_S","Relative standard error for estimate of capital expenditures for buildings and other structures (%)"
"CEXMCH","Capital expenditures for machinery and equipment ($1,000)"
"CEXMCH_S","Relative standard error for estimate of capital expenditures for machinery and equipment (%)"
"CEXMCHA","Capital expenditures for automobiles, trucks, etc. for highway use ($1,000)"
"CEXMCHA_S","Relative standard error for estimate of capital expenditures for automobiles, trucks, etc. for highway use (%)"
"CEXMCHC","Capital expenditures for computers and peripheral data processing equipment ($1,000)"
"CEXMCHC_S","Relative standard error for estimate of capital expenditures for computers and peripheral data processing equipment (%) "
"CEXMCHO","Capital expenditures for all other machinery and equipment ($1,000)"
"CEXMCHO_S","Relative standard error for estimate of capital expenditures for all other machinery and equipment (%)"
"RPTOT","Total rental payments or lease payments ($1,000)"
"RPTOT_S","Relative standard error for estimate of total rental payments or lease payments (%)"
"RPBLD","Rental payments or lease payments for buildings and other structures ($1,000)"
"RPBLD_S","Relative standard error for estimate of rental payments or lease payments for buildings and other structures (%)"
"RPMCH","Rental payments or lease payments for machinery and equipment ($1,000)"
"RPMCH_S","Relative standard error for estimate of rental payments or lease payments for machinery and equipment (%)"
"PCHTT","Total other operating expenses ($1,000)"
"PCHTT_S","Relative standard error for estimate of total other operating expenses (%)"
"PCHTEMP","Temporary staff and leased employee expenses ($1,000)"
"PCHTEMP_S","Relative standard error for estimate of temporary staff and leased employee expenses (%)"
"PCHCMPQ","Expensed computer hardware and other equipment ($1,000)"
"PCHCMPQ_S","Relative standard error for estimate of expensed computer hardware and other equipment (%)"
"PCHEXSO","Expensed purchases of software ($1,000)"
"PCHEXSO_S","Relative standard error for estimate of expensed purchases of software (%)"
"PCHDAPR","Data processing and other purchased computer services ($1,000)"
"PCHDAPR_S","Relative standard error for estimate of data processing and other purchased computer services (%)"
"PCHCSVC","Communication services ($1,000)"
"PCHCSVC_S","Relative standard error for estimate of communication services (%)"
"PCHRPR","Repair and maintenance services of buildings and/or machinery ($1,000)"
"PCHRPR_S","Relative standard error for estimate of repair and maintenance services of buildings and/or machinery (%)"
"PCHRFUS","Refuse removal (including hazardous waste) services ($1,000)"
"PCHRFUS_S","Relative standard error for estimate of refuse removal (including hazardous waste) services (%)"
"PCHADVT","Advertising and promotional services ($1,000)"
"PCHADVT_S","Relative standard error for estimate of advertising and promotional services (%)"
"PCHPRTE","Purchased professional and technical services ($1,000)"
"PCHPRTE_S","Relative standard error for estimate of purchased professional and technical services (%)"
"PCHTAX","Taxes and license fees ($1,000)"
"PCHTAX_S","Relative standard error for estimate of taxes and license fees (%)"
"PCHOEXP","All other operating expenses ($1,000)"
"PCHOEXP_S","Relative standard error for estimate of all other operating expenses (%)"
"RCPTOT_IMP","Range indicating percent of total sales, value of shipments, or revenue imputed"
"PAYANN_IMP","Range indicating percent of total annual payroll imputed"
"EMP_IMP","Range indicating percent of total employees imputed"
